m,b,t,c
1,1,620,0.000170855
1,1,7454,0.002054123
1,1,143270,0.039481371
1,1,478926,0.131979167
1,1,1110128,0.305921517
1,1,1688261,0.465239473
1,1,2359546,0.650227623
1,1,2540055,0.699971065
1,1,3211222,0.884926698
1,1,3518526,0.969611442
1,2,540792,0.149027778
1,2,2016722,0.555754519
1,2,687665,0.189502039
1,2,1781975,0.491064539
1,2,255101,0.070298997
1,2,189898,0.052330798
1,2,1222436,0.336870591
1,2,694038,0.191258267
1,2,318833,0.087861828
1,2,2551153,0.703029376
1,3,950218,0.261854608
1,3,1575425,0.434144896
1,3,716418,0.197425595
1,3,192710,0.05310571
1,3,473082,0.130368717
1,3,290434,0.080035825
1,3,1770632,0.487938713
1,3,2732812,0.753089727
1,3,1255998,0.346119378
1,3,3259016,0.898097443
1,4,156384,0.043095238
1,4,715011,0.197037864
1,4,718887,0.198105985
1,4,774412,0.213407187
1,4,657322,0.181140322
1,4,5184499,1.42870894
1,4,1835732,0.505878527
1,4,1001847,0.276082176
1,4,1772339,0.488409116
1,4,1729635,0.476641038
1,5,289058,0.079656636
1,5,73582,0.020277227
1,5,192190,0.052962412
1,5,82652,0.022776675
1,5,2320251,0.639398975
1,5,614848,0.169435626
1,5,836387,0.230485836
1,5,702053,0.193466986
1,5,3322588,0.915616182
1,5,6740290,1.857443232
1,6,476201,0.13122823
1,6,2493922,0.687258047
1,6,956311,0.263533675
1,6,403361,0.111155478
1,6,107269,0.029560461
1,6,530396,0.146162919
1,6,897251,0.247258322
1,6,448511,0.123597608
1,6,657360,0.181150794
1,6,454916,0.125362654
1,7,504407,0.139001047
1,7,27871,0.0076805
1,7,52861,0.014567075
1,7,1174596,0.323687169
1,7,238375,0.06568976
1,7,129237,0.035614253
1,7,596739,0.164445271
1,7,291458,0.080318011
1,7,660823,0.182105104
1,7,810799,0.223434469
1,8,712945,0.19646853
1,8,761160,0.209755291
1,8,636586,0.175426036
1,8,542012,0.149363977
1,8,541969,0.149352127
1,8,447001,0.123181493
1,8,45520,0.012544092
1,8,637470,0.175669643
1,8,40364,0.011123236
1,8,744411,0.205139716
1,9,201492,0.055525794
1,9,20105,0.005540399
1,9,76392,0.021051587
1,9,631640,0.174063051
1,9,99870,0.027521495
1,9,1175229,0.323861607
1,9,2295073,0.632460593
1,9,319460,0.088034612
1,9,171765,0.047333829
1,9,932973,0.257102348
1,10,56683,0.015620315
1,10,156671,0.043174328
1,10,192200,0.052965168
1,10,336001,0.092592868
1,10,201159,0.055434028
1,10,394095,0.108602017
1,10,305557,0.084203318
1,10,885081,0.243904597
1,10,332581,0.091650408
1,10,1130638,0.311573523
1,11,443893,0.122325011
1,11,75697,0.020860064
1,11,1170900,0.322668651
1,11,21889,0.006032022
1,11,224620,0.06189925
1,11,113779,0.031354442
1,11,172523,0.047542714
1,11,2085315,0.574656911
1,11,257220,0.070882937
1,11,340812,0.093918651
1,12,1039514,0.286462191
1,12,208267,0.057392802
1,12,861358,0.237367174
1,12,390648,0.107652116
1,12,208941,0.057578538
1,12,22228,0.006125441
1,12,624881,0.172200452
1,12,182782,0.050369819
1,12,32832,0.009047619
1,12,147055,0.040524416
1,13,695592,0.191686508
1,13,198376,0.054667108
1,13,165339,0.045562996
1,13,316055,0.087096285
1,13,87625,0.024147101
1,13,336040,0.092603616
1,13,148567,0.040941082
1,13,93391,0.025736056
1,13,149787,0.041277282
1,13,469714,0.129440586
1,14,348790,0.096117174
1,14,292184,0.080518078
1,14,21521,0.005930611
1,14,388206,0.106979167
1,14,136972,0.037745811
1,14,3676,0.001013007
1,14,15666,0.00431713
1,14,118394,0.032626213
1,14,532958,0.146868937
1,14,34510,0.009510031
2,1,47848,0.026371252
2,1,74404,0.041007496
2,1,180921.5,0.099714231
2,1,35495,0.019562941
2,1,504012.5,0.277784667
2,1,45945,0.025322421
2,1,25277,0.013931327
2,1,258479,0.142459766
2,1,122192,0.067345679
2,1,35097.5,0.01934386
2,2,10145.5,0.005591656
2,2,94373,0.052013338
2,2,258585.5,0.142518463
2,2,16992,0.009365079
2,2,128993.5,0.071094301
2,2,230945,0.127284502
2,2,423994.5,0.233683036
2,2,57032.5,0.031433256
2,2,193053.5,0.106400739
2,2,51421,0.028340498
2,3,232128.5,0.127936784
2,3,73109.5,0.040294037
2,3,56781,0.031294643
2,3,51158.5,0.028195822
2,3,13877,0.007648258
2,3,421688,0.232411817
2,3,18093.5,0.009972167
2,3,24224,0.01335097
2,3,305895.5,0.168593199
2,3,126708.5,0.069834932
2,4,345204,0.190257937
2,4,71863,0.039607033
2,4,128074,0.070587522
2,4,105195,0.057977844
2,4,47240,0.026036155
2,4,333316.5,0.183706184
2,4,175432.5,0.096688988
2,4,129412,0.071324956
2,4,66644,0.0367306
2,4,215886,0.118984788
2,5,80464.5,0.044347718
2,5,324656,0.178932981
2,5,433512.5,0.238928847
2,5,337740.5,0.186144455
2,5,27596,0.015209436
2,5,229197,0.126321098
2,5,317833,0.175172509
2,5,40069,0.022083884
2,5,126929.5,0.069956735
2,5,177875,0.098035163
2,6,95163,0.052448743
2,6,46200,0.025462963
2,6,9324.5,0.005139164
2,6,1131.5,0.000623622
2,6,68530.5,0.037770337
2,6,171174,0.094341931
2,6,19617.5,0.010812114
2,6,102150.5,0.056299879
2,6,158322,0.087258598
2,6,301487,0.16616347
2,7,66068.5,0.036413415
2,7,290525.5,0.160122079
2,7,235894.5,0.130012401
2,7,98610,0.054348545
2,7,83,4.57451E-05
2,7,71678,0.039505071
2,7,116363,0.064133047
2,7,195107.5,0.107532793
2,7,62460,0.034424603
2,7,272176.5,0.150009094
2,8,4726,0.002604718
2,8,14737.5,0.00812252
2,8,52754.5,0.029075452
2,8,75962.5,0.041866457
2,8,53336.5,0.029396219
2,8,5749.5,0.003168816
2,8,178345.5,0.098294478
2,8,567182.5,0.312600584
2,8,143768.5,0.079237489
2,8,390945,0.215467923
2,9,156189,0.086083003
2,9,15186.5,0.008369985
2,9,16130,0.008889991
2,9,38330,0.021125441
2,9,11646.5,0.006418926
2,9,630090,0.347271825
2,9,42322,0.023325617
2,9,4927.5,0.002715774
2,9,64189,0.035377535
2,9,12210,0.006729497
2,10,47254,0.026043871
2,10,40619.5,0.022387291
2,10,2046,0.001127646
2,10,39572.5,0.02181024
2,10,259989,0.143291997
2,10,181295,0.099920084
2,10,25705.5,0.014167493
2,10,273705,0.150851521
2,10,228907.5,0.126161541
2,10,55471,0.030572641
2,11,18213.5,0.010038305
2,11,56101.5,0.030920139
2,11,105816,0.058320106
2,11,77084.5,0.042484843
2,11,79077.5,0.043583278
2,11,10770,0.005935847
2,11,109430.5,0.060312224
2,11,20086,0.011070326
2,11,36927.5,0.020352458
2,11,74590.5,0.041110284
2,12,7712,0.004250441
2,12,1186,0.00065366
2,12,165080.5,0.090983521
2,12,95402,0.052580467
2,12,108640,0.059876543
2,12,13894,0.007657628
2,12,411814,0.226969797
2,12,208283,0.114794422
2,12,86148.5,0.047480434
2,12,45837,0.025262897
2,13,3168,0.001746032
2,13,143580,0.079133598
2,13,107738,0.059379409
2,13,112014,0.061736111
2,13,10174,0.005607363
2,13,82868.5,0.045672674
2,13,44376.5,0.024457948
2,13,42832,0.023606702
2,13,9639,0.0053125
2,13,3170.5,0.00174741
2,14,270607,0.14914407
2,14,41343.5,0.022786321
2,14,12716.5,0.007008653
2,14,120384.5,0.066349482
2,14,32489.5,0.01790647
2,14,34596,0.01906746
2,14,86570,0.047712743
2,14,31712.5,0.01747823
2,14,86420,0.047630071
2,14,13085,0.00721175
3,1,15438.33333,0.012763172
3,1,42402.33333,0.035054839
3,1,29187.33333,0.02412974
3,1,94021,0.077729001
3,1,11879,0.009820602
3,1,82143.66667,0.067909777
3,1,132996,0.109950397
3,1,54166,0.044780093
3,1,18905,0.015629134
3,1,17247.66667,0.014258984
3,2,149675.6667,0.123739804
3,2,77148.66667,0.063780313
3,2,304952.3333,0.252110064
3,2,132031.3333,0.109152888
3,2,21391,0.017684358
3,2,11349,0.00938244
3,2,66349,0.054852017
3,2,61234.33333,0.050623622
3,2,199202.6667,0.164684744
3,2,49210.33333,0.040683146
3,3,296,0.000244709
3,3,13702,0.011327712
3,3,63896.66667,0.052824625
3,3,113529,0.093856647
3,3,25519.66667,0.021097608
3,3,12589,0.010407573
3,3,18688.66667,0.015450287
3,3,80644.33333,0.066670249
3,3,80859,0.066847718
3,3,158266.6667,0.130842152
3,4,7189,0.005943287
3,4,48357.33333,0.039977954
3,4,106588.3333,0.088118662
3,4,118366,0.097855489
3,4,129981.6667,0.107458388
3,4,122218.6667,0.101040564
3,4,30613.33333,0.025308642
3,4,120236.6667,0.099402006
3,4,9039,0.007472718
3,4,43541.66667,0.035996748
3,5,34123.66667,0.028210703
3,5,2706.333333,0.002237379
3,5,14621.33333,0.012087743
3,5,114581.3333,0.094726631
3,5,16613.66667,0.013734843
3,5,45911.33333,0.037955798
3,5,12438.66667,0.010283289
3,5,197015.6667,0.162876709
3,5,20625.33333,0.017051367
3,5,41627,0.034413856
3,6,9802.333333,0.008103781
3,6,36359.66667,0.030059248
3,6,33030,0.027306548
3,6,4014.666667,0.003319004
3,6,4611.666667,0.003812555
3,6,16322,0.013493717
3,6,28537.66667,0.023592648
3,6,60436.33333,0.0499639
3,6,69221.33333,0.057226631
3,6,78592,0.064973545
3,7,25930,0.021436839
3,7,39500.66667,0.032655974
3,7,56414,0.046638558
3,7,64855,0.053616898
3,7,43820.33333,0.036227127
3,7,109940.3333,0.090889826
3,7,65715,0.054327877
3,7,20196.66667,0.01669698
3,7,49155.66667,0.040637952
3,7,344145.6667,0.28451196
3,8,96155.33333,0.079493496
3,8,34839.66667,0.028802634
3,8,84424.33333,0.069795249
3,8,311840.3333,0.257804508
3,8,57288,0.047361111
3,8,32254.66667,0.026665564
3,8,105277,0.087034557
3,8,172106,0.142283399
3,8,19251.33333,0.015915454
3,8,9461,0.007821594
3,9,132009,0.109134425
3,9,5850.333333,0.004836585
3,9,60452.33333,0.049977127
3,9,36049,0.029802414
3,9,74095.33333,0.061256063
3,9,23349.33333,0.019303351
3,9,125892,0.104077381
3,9,17646.33333,0.014588569
3,9,4653.333333,0.003847002
3,9,43295.66667,0.035793375
3,10,3899.666667,0.003223931
3,10,39567,0.032710813
3,10,39724.66667,0.03284116
3,10,169490.6667,0.140121252
3,10,190478,0.157471892
3,10,62198.33333,0.05142058
3,10,120606.6667,0.099707892
3,10,7610.666667,0.006291887
3,10,21411.33333,0.017701168
3,10,1821.333333,0.001505732
3,11,20282,0.016767526
3,11,50583.33333,0.041818232
3,11,2394.666667,0.001979718
3,11,26104,0.021580688
3,11,20536,0.016977513
3,11,47900.33333,0.039600143
3,11,75149,0.062127149
3,11,26532.66667,0.021935075
3,11,4385.666667,0.003625716
3,11,267822.6667,0.221414242
3,12,777.6666667,0.000642912
3,12,23977,0.019822255
3,12,17252.66667,0.014263117
3,12,33341.33333,0.027563933
3,12,9078.666667,0.007505511
3,12,2376.666667,0.001964837
3,12,32792,0.027109788
3,12,28955,0.023937665
3,12,4129.333333,0.003413801
3,12,31645,0.026161541
3,13,63186.33333,0.052237379
3,13,35232.66667,0.029127535
3,13,26570.66667,0.02196649
3,13,94377,0.078023313
3,13,28727.66667,0.023749724
3,13,99322.66667,0.082111993
3,13,112848.6667,0.093294202
3,13,44951.33333,0.037162147
3,13,12607.66667,0.010423005
3,13,63232.33333,0.052275408
3,14,75670.66667,0.062558422
3,14,14403.66667,0.011907793
3,14,54803.33333,0.045306989
3,14,2651,0.002191634
3,14,13545,0.011197917
3,14,13691,0.011318618
3,14,99059.66667,0.081894566
3,14,15552.33333,0.012857418
3,14,735.3333333,0.000607914
3,14,18745.66667,0.01549741
4,1,23534.25,0.025941634
4,1,2449.75,0.002700342
4,1,93519.75,0.103086144
4,1,9079.25,0.010007992
4,1,30105.25,0.033184799
4,1,84372.75,0.093003472
4,1,21802.25,0.024032463
4,1,41293.75,0.045517802
4,1,17171.5,0.01892802
4,1,98175,0.108217593
4,2,28694.75,0.031630015
4,2,40249.25,0.044366457
4,2,17293.75,0.019062776
4,2,88793.5,0.097876433
4,2,4379.75,0.004827767
4,2,42492.5,0.046839175
4,2,10705.75,0.011800871
4,2,18716.5,0.020631063
4,2,54102.75,0.05963707
4,2,88617.75,0.097682705
4,3,63.25,6.972E-05
4,3,13256,0.014611993
4,3,379.75,0.000418596
4,3,13005.75,0.014336144
4,3,11418,0.012585979
4,3,55620.75,0.061310351
4,3,42704,0.04707231
4,3,40206.5,0.044319334
4,3,19375.25,0.021357198
4,3,17177.5,0.018934634
4,4,999.75,0.001102017
4,4,8630.75,0.009513613
4,4,14186.5,0.015637676
4,4,28197.75,0.031082176
4,4,3342.75,0.003684689
4,4,10423.75,0.011490024
4,4,19536.75,0.021535218
4,4,10074.75,0.011105324
4,4,25169,0.027743607
4,4,31708.75,0.034952326
4,5,28499.75,0.031415068
4,5,30467,0.033583554
4,5,28155.5,0.031035604
4,5,46545,0.051306217
4,5,7313.5,0.008061618
4,5,83464.5,0.092002315
4,5,10304.25,0.0113583
4,5,25064,0.027627866
4,5,91678.75,0.101056823
4,5,5710.25,0.006294367
4,6,10753.75,0.011853781
4,6,9434,0.01039903
4,6,58122.25,0.064067736
4,6,36517,0.040252425
4,6,6300,0.006944444
4,6,8053.25,0.008877039
4,6,36100.5,0.03979332
4,6,56125.5,0.061866733
4,6,18231.75,0.020096726
4,6,11469.75,0.012643022
4,7,16464,0.018148148
4,7,4208.25,0.004638724
4,7,10486.75,0.011559469
4,7,31835.5,0.035092041
4,7,10277.5,0.011328814
4,7,30143.75,0.033227238
4,7,143959,0.158684965
4,7,52002.5,0.05732198
4,7,31501.75,0.034724151
4,7,1544.75,0.001702767
4,8,17211.5,0.018972112
4,8,16237.75,0.017898754
4,8,39853,0.043929674
4,8,11059.75,0.012191082
4,8,22682,0.025002205
4,8,18835.5,0.020762235
4,8,32236.75,0.035534336
4,8,168563,0.185805776
4,8,1935.25,0.002133212
4,8,21184.5,0.023351521
4,9,23631,0.02604828
4,9,51941.5,0.05725474
4,9,9056.5,0.009982914
4,9,8197.25,0.009035769
4,9,13965,0.015393519
4,9,4972,0.0054806
4,9,2183.75,0.002407132
4,9,73086.25,0.080562445
4,9,15460,0.017041446
4,9,44698.75,0.049271109
4,10,51335,0.056586199
4,10,29137,0.032117504
4,10,6210,0.006845238
4,10,17375,0.019152337
4,10,123686.5,0.136338735
4,10,23548,0.02595679
4,10,10230.25,0.011276731
4,10,16020.75,0.017659557
4,10,28088.75,0.030962026
4,10,101207.25,0.11156002
4,11,16480.25,0.01816606
4,11,40297,0.044419092
4,11,8002.75,0.008821373
4,11,11674,0.012868166
4,11,38245.5,0.042157738
4,11,11780.75,0.012985836
4,11,28867.75,0.031820712
4,11,11729.5,0.012929343
4,11,25981.5,0.02863922
4,11,142442.5,0.157013338
4,12,24510.75,0.027018022
4,12,4853.75,0.005350254
4,12,83681.5,0.092241512
4,12,9963.75,0.01098297
4,12,41920.25,0.046208388
4,12,3052.25,0.003364473
4,12,14955.75,0.016485615
4,12,51829,0.057130732
4,12,32110.75,0.035395448
4,12,14409.5,0.015883488
4,13,4233.75,0.004666832
4,13,23600.25,0.026014385
4,13,1503,0.001656746
4,13,58062,0.064001323
4,13,18659.5,0.020568232
4,13,20652.75,0.022765377
4,13,6190,0.006823192
4,13,1250.25,0.001378142
4,13,20537.75,0.022638613
4,13,30931.25,0.034095293
4,14,453.25,0.000499614
4,14,13262.75,0.014619433
4,14,14482.25,0.015963679
4,14,20372.75,0.022456735
4,14,4094.25,0.004513062
4,14,44677.5,0.049247685
4,14,20546.75,0.022648534
4,14,42245.25,0.046566634
4,14,6236.75,0.006874724
4,14,3193.75,0.003520448
5,1,5134.4,0.007074515
5,1,11342.6,0.015628582
5,1,44273.6,0.061003086
5,1,13187.4,0.01817047
5,1,93231.2,0.128460097
5,1,9387.2,0.012934303
5,1,12361,0.017031801
5,1,5292,0.007291667
5,1,22298.4,0.030724206
5,1,5089.6,0.007012787
5,2,6174.8,0.008508047
5,2,10634.2,0.014652502
5,2,26398.6,0.036373732
5,2,12327,0.016984954
5,2,25880.2,0.035659447
5,2,31556,0.043479938
5,2,51834.8,0.071421407
5,2,40239.4,0.0554445
5,2,8428.2,0.01161293
5,2,2812.4,0.00387511
5,3,11029.4,0.015197035
5,3,65313.8,0.089993662
5,3,24726.4,0.034069665
5,3,26406.6,0.036384755
5,3,9817,0.01352651
5,3,24553.2,0.033831019
5,3,22649,0.031207286
5,3,4192,0.005776014
5,3,56510.8,0.077864308
5,3,44916.4,0.061888779
5,4,82103.2,0.113127205
5,4,55608.6,0.076621197
5,4,6491.2,0.008944004
5,4,43178.6,0.059494323
5,4,51265.2,0.070636574
5,4,33944.8,0.046771384
5,4,19534.4,0.026915785
5,4,36739.2,0.050621693
5,4,8445.6,0.011636905
5,4,26623.8,0.036684028
5,5,34991.2,0.048213183
5,5,5412.2,0.007457286
5,5,30986.2,0.04269483
5,5,25408.4,0.035009369
5,5,4582,0.006313382
5,5,25782.4,0.035524691
5,5,42889.2,0.059095569
5,5,60.6,8.34987E-05
5,5,9193.8,0.012667824
5,5,7255.2,0.009996693
5,6,40602.4,0.055944665
5,6,595.8,0.000820933
5,6,12140.6,0.016728119
5,6,453,0.000624173
5,6,25192.6,0.034712026
5,6,5088,0.007010582
5,6,7303.4,0.010063106
5,6,14911.2,0.020545635
5,6,3273.4,0.004510306
5,6,76296.2,0.105125937
5,7,2187.4,0.003013944
5,7,3961.8,0.005458829
5,7,51793,0.071363812
5,7,11112.6,0.015311673
5,7,42181.6,0.058120591
5,7,70312.6,0.096881338
5,7,4127.4,0.005687004
5,7,15266.4,0.021035053
5,7,2979.6,0.004105489
5,7,11583.6,0.015960648
5,8,46380.4,0.063905974
5,8,12732.8,0.017544092
5,8,2442.8,0.003365851
5,8,8866.4,0.012216711
5,8,25491.8,0.035124284
5,8,26379,0.036346726
5,8,2042.6,0.002814429
5,8,45031.4,0.062047233
5,8,13969,0.01924741
5,8,18659.6,0.025710428
5,9,5008,0.006900353
5,9,13454,0.018537809
5,9,104958.4,0.144618607
5,9,35246,0.048564264
5,9,5953.4,0.008202987
5,9,2530.8,0.003487103
5,9,29550.4,0.04071649
5,9,29011.6,0.039974096
5,9,5327.4,0.007340443
5,9,22089,0.030435681
5,10,83502.8,0.115055666
5,10,3280.4,0.004519951
5,10,4465.6,0.006152998
5,10,24661.2,0.033979828
5,10,41410,0.057057429
5,10,43929.6,0.060529101
5,10,7729.8,0.010650628
5,10,559.6,0.000771054
5,10,8326.2,0.011472388
5,10,15542.6,0.021415619
5,11,30311.4,0.041765046
5,11,16165.4,0.022273754
5,11,7468.6,0.01029073
5,11,53457.2,0.073656856
5,11,1784.6,0.00245894
5,11,39741.6,0.054758598
5,11,63846.6,0.087972057
5,11,19772.2,0.027243441
5,11,2776.6,0.003825783
5,11,369.6,0.000509259
5,12,45581.6,0.062805335
5,12,26469.8,0.036471836
5,12,37570.4,0.051766975
5,12,7425.2,0.01023093
5,12,241.2,0.000332341
5,12,5926.8,0.008166336
5,12,11608.6,0.015995095
5,12,719,0.000990686
5,12,40498.8,0.055801918
5,12,33682,0.046409281
5,13,6456.2,0.008895778
5,13,21431.6,0.029529872
5,13,14492.2,0.019968309
5,13,22721.2,0.031306768
5,13,14243.6,0.019625772
5,13,852,0.001173942
5,13,8273.6,0.011399912
5,13,6563.8,0.009044037
5,13,7064,0.009733245
5,13,36853.2,0.05077877
5,14,46199.4,0.063656581
5,14,7420.8,0.010224868
5,14,10855.6,0.014957562
5,14,61675.8,0.084980985
5,14,6512.8,0.008973765
5,14,1615.2,0.002225529
5,14,4671,0.006436012
5,14,45144.4,0.062202932
5,14,22722.8,0.031308973
5,14,25025.6,0.034481922
6,1,3335.166667,0.005514495
6,1,17707.33333,0.029277998
6,1,7883.833333,0.013035439
6,1,14653,0.024227844
6,1,53408.16667,0.088307154
6,1,41434.5,0.068509425
6,1,2104.666667,0.003479938
6,1,53783.83333,0.088928296
6,1,3430.333333,0.005671847
6,1,8699,0.014383267
6,2,16015,0.026479828
6,2,8765,0.014492394
6,2,4872.333333,0.008056107
6,2,37241.66667,0.06157683
6,2,1878.166667,0.003105434
6,2,64526.5,0.106690642
6,2,11946.5,0.019752811
6,2,16774.33333,0.02773534
6,2,13159.16667,0.021757881
6,2,10777.33333,0.017819665
6,3,26410,0.043667328
6,3,14620.66667,0.024174383
6,3,33800.16667,0.055886519
6,3,34430.33333,0.056928461
6,3,12993.16667,0.02148341
6,3,10689,0.017673611
6,3,1215.666667,0.002010031
6,3,12671.5,0.020951554
6,3,6701.333333,0.011080247
6,3,44058.66667,0.072848325
6,4,20687,0.034204696
6,4,15871.33333,0.026242284
6,4,2420,0.004001323
6,4,9919.5,0.01640129
6,4,53710.83333,0.088807595
6,4,6758.166667,0.011174217
6,4,31009,0.051271495
6,4,4449.833333,0.007357529
6,4,1058,0.001749339
6,4,45440.66667,0.075133377
6,5,559.1666667,0.000924548
6,5,9764.5,0.016145007
6,5,5748,0.009503968
6,5,19093.66667,0.031570216
6,5,6588.333333,0.010893408
6,5,5167.5,0.008544147
6,5,13746.83333,0.022729552
6,5,29509.33333,0.048791887
6,5,16752.16667,0.027698688
6,5,24605.5,0.040683697
6,6,3741.333333,0.006186067
6,6,5202.333333,0.008601742
6,6,3911.333333,0.006467152
6,6,17830.16667,0.029481096
6,6,12605.33333,0.020842152
6,6,58005.5,0.095908565
6,6,33674.83333,0.055679288
6,6,62792.5,0.103823578
6,6,73403.5,0.121368221
6,6,16519.83333,0.027314539
6,7,2007.333333,0.003319004
6,7,396.8333333,0.00065614
6,7,1043.333333,0.001725088
6,7,14255.66667,0.023570877
6,7,26777.66667,0.044275243
6,7,195.5,0.000323247
6,7,17908.16667,0.029610064
6,7,613.1666667,0.001013834
6,7,7421.333333,0.012270723
6,7,15147.33333,0.025045194
6,8,4863.333333,0.008041226
6,8,17981.33333,0.029731041
6,8,8770.333333,0.014501213
6,8,11237,0.018579696
6,8,34368.5,0.056826224
6,8,19431.66667,0.032129078
6,8,16323.83333,0.026990465
6,8,18463.83333,0.030528825
6,8,11234.33333,0.018575287
6,8,45383.33333,0.07503858
6,9,32382.16667,0.053541942
6,9,17693,0.029254299
6,9,19696.33333,0.032566689
6,9,2009.666667,0.003322862
6,9,2517.833333,0.004163084
6,9,333.6666667,0.000551698
6,9,43693.83333,0.072245095
6,9,8613.333333,0.014241623
6,9,9842.166667,0.016273424
6,9,16001.83333,0.026458058
6,10,14513,0.023996362
6,10,19965,0.033010913
6,10,7220.666667,0.011938933
6,10,7401.333333,0.012237654
6,10,2436,0.004027778
6,10,16468.66667,0.027229938
6,10,3726.166667,0.00616099
6,10,30203.66667,0.049939925
6,10,43718.83333,0.072286431
6,10,5952.833333,0.009842648
6,11,13340.83333,0.022058256
6,11,773.5,0.001278935
6,11,26741.16667,0.044214892
6,11,11296.5,0.018678075
6,11,21636.16667,0.035774085
6,11,1090.833333,0.001803627
6,11,2606.333333,0.004309414
6,11,520.3333333,0.00086034
6,11,27297.5,0.045134755
6,11,4585.666667,0.007582121
6,12,6921.333333,0.011444004
6,12,1181.833333,0.00195409
6,12,12503.66667,0.020674052
6,12,1236.166667,0.002043926
6,12,1066.666667,0.001763668
6,12,1438,0.002377646
6,12,34235,0.056605489
6,12,57888,0.095714286
6,12,7855.166667,0.01298804
6,12,2409.5,0.003983962
6,13,18291,0.030243056
6,13,37709.16667,0.062349813
6,13,41213.83333,0.068144566
6,13,13547.16667,0.022399416
6,13,3272.333333,0.005410604
6,13,31729,0.052461971
6,13,2316.833333,0.003830743
6,13,3257,0.005385251
6,13,3037.333333,0.005022046
6,13,1903,0.003146495
6,14,24764.5,0.040946594
6,14,11455.33333,0.018940697
6,14,21459.83333,0.035482529
6,14,22047.33333,0.036453924
6,14,2220.833333,0.003672013
6,14,5030.5,0.008317626
6,14,4888.666667,0.008083113
6,14,22735,0.037590939
6,14,5722.5,0.009461806
6,14,9150.666667,0.015130071
7,1,925.7142857,0.001785714
7,1,1517.571429,0.002927414
7,1,26546.42857,0.051208388
7,1,15977.28571,0.030820381
7,1,161.8571429,0.000312224
7,1,5057.857143,0.009756669
7,1,17261.85714,0.033298336
7,1,6001.857143,0.011577657
7,1,4628.142857,0.008927745
7,1,34947.57143,0.067414297
7,2,18056.14286,0.034830522
7,2,4101.571429,0.007911982
7,2,8335.285714,0.016078869
7,2,18369.71429,0.035435406
7,2,4743,0.009149306
7,2,10688.14286,0.02061756
7,2,4814.571429,0.009287368
7,2,3792.857143,0.007316468
7,2,30873.28571,0.059554949
7,2,5785.285714,0.011159888
7,3,1895.857143,0.003657132
7,3,4008.857143,0.007733135
7,3,15297,0.029508102
7,3,388,0.000748457
7,3,6371.428571,0.012290564
7,3,15533.28571,0.0299639
7,3,843.8571429,0.001627811
7,3,1111.571429,0.002144235
7,3,2797.571429,0.00539655
7,3,5591.714286,0.010786486
7,4,4904.571429,0.009460979
7,4,34208.57143,0.065988757
7,4,5863.285714,0.011310351
7,4,13305.57143,0.025666612
7,4,3290.142857,0.006346726
7,4,17724,0.034189815
7,4,33428.28571,0.064483576
7,4,1938.142857,0.003738701
7,4,3784.142857,0.007299658
7,4,26354.85714,0.050838845
7,5,14051.14286,0.027104828
7,5,15946.71429,0.030761409
7,5,853.1428571,0.001645723
7,5,4426.571429,0.008538911
7,5,4348.714286,0.008388724
7,5,1654.142857,0.003190862
7,5,7485.857143,0.014440311
7,5,4847.857143,0.009351576
7,5,15680,0.030246914
7,5,29712.71429,0.057316193
7,6,17750.14286,0.034240245
7,6,6946,0.01339892
7,6,14082.14286,0.027164627
7,6,3458.428571,0.006671351
7,6,2473.285714,0.004770999
7,6,1463.714286,0.002823523
7,6,2315.285714,0.004466215
7,6,1542.285714,0.002975088
7,6,11232.14286,0.021666942
7,6,4938.285714,0.009526014
7,7,101.5714286,0.000195933
7,7,1284.714286,0.00247823
7,7,3857.714286,0.007441578
7,7,12133.71429,0.023406085
7,7,5474.142857,0.010559689
7,7,9032.714286,0.017424217
7,7,8611.285714,0.016611276
7,7,31375.71429,0.06052414
7,7,7071.142857,0.013640322
7,7,5894.285714,0.01137015
7,8,22,4.24383E-05
7,8,19289.14286,0.037208995
7,8,7245.428571,0.013976521
7,8,6489.428571,0.012518188
7,8,2667.857143,0.005146329
7,8,10084.85714,0.019453814
7,8,8481.142857,0.016360229
7,8,10255.71429,0.019783399
7,8,5494.714286,0.010599372
7,8,7268.428571,0.014020888
7,9,14371.57143,0.027722939
7,9,6948.714286,0.013404156
7,9,767.2857143,0.001480104
7,9,3306.142857,0.00637759
7,9,6617.714286,0.012765653
7,9,10332.71429,0.019931933
7,9,1604.285714,0.003094687
7,9,19621.14286,0.037849427
7,9,16918.71429,0.032636409
7,9,49163.42857,0.094836861
7,10,21830.71429,0.042111717
7,10,76798.42857,0.148145117
7,10,5328.857143,0.010279431
7,10,3858.714286,0.007443507
7,10,11230.71429,0.021664187
7,10,45049.28571,0.086900628
7,10,29865.57143,0.057611056
7,10,1596.428571,0.00307953
7,10,51103.28571,0.098578869
7,10,383,0.000738812
7,11,11243.14286,0.021688161
7,11,13322.57143,0.025699405
7,11,2271.428571,0.004381614
7,11,9984.142857,0.019259535
7,11,17641.57143,0.034030809
7,11,28161.71429,0.054324295
7,11,15774.71429,0.030429619
7,11,8239.714286,0.015894511
7,11,11462.14286,0.022110615
7,11,10080,0.019444444
7,12,1256.714286,0.002424217
7,12,5276.142857,0.010177745
7,12,28127,0.05425733
7,12,6130.571429,0.011825948
7,12,9946.142857,0.019186232
7,12,6675.857143,0.012877811
7,12,19375.42857,0.037375441
7,12,36514,0.070435957
7,12,13946.28571,0.026902557
7,12,6686.714286,0.012898754
7,13,3789.571429,0.00731013
7,13,7280.285714,0.014043761
7,13,5319,0.010260417
7,13,4267.142857,0.008231371
7,13,8199.142857,0.015816248
7,13,4277,0.008250386
7,13,10674.42857,0.020591104
7,13,8375,0.016155478
7,13,3479.142857,0.00671131
7,13,22294.85714,0.043007055
7,14,7079,0.013655478
7,14,6367,0.012282022
7,14,1143.142857,0.002205137
7,14,31606,0.060968364
7,14,9365.571429,0.018066303
7,14,25282.42857,0.048770117
7,14,5066.714286,0.009773754
7,14,3447.142857,0.006649581
7,14,18622.71429,0.035923446
7,14,10761.42857,0.020758929
8,1,8081.875,0.017817185
8,1,5598.625,0.012342648
8,1,4689.5,0.010338404
8,1,9082.625,0.020023424
8,1,29354,0.064713404
8,1,18233.5,0.04019731
8,1,3107,0.006849647
8,1,13814.125,0.03045442
8,1,9682.5,0.021345899
8,1,3817.125,0.008415179
8,2,15.75,3.47222E-05
8,2,5594.5,0.012333554
8,2,11001.875,0.024254575
8,2,1340.125,0.00295442
8,2,65969.25,0.145434854
8,2,22433.875,0.049457396
8,2,13467.375,0.02968998
8,2,21485,0.04736552
8,2,2342.875,0.005165068
8,2,31174.875,0.068727679
8,3,2175.375,0.0047958
8,3,19805.5,0.043662919
8,3,684.625,0.001509314
8,3,26250.75,0.057872024
8,3,40688.625,0.089701554
8,3,51125.125,0.112709711
8,3,9287.625,0.020475364
8,3,29304.75,0.064604828
8,3,27819.875,0.061331294
8,3,4796.875,0.010575121
8,4,5820.625,0.012832066
8,4,5545.125,0.012224702
8,4,4129.125,0.009103009
8,4,19680.375,0.04338707
8,4,1898.625,0.004185681
8,4,574.625,0.00126681
8,4,1318.75,0.002907297
8,4,5346.875,0.011787643
8,4,3621.5,0.007983907
8,4,4892.875,0.010786761
8,5,661.125,0.001457507
8,5,5252.625,0.011579861
8,5,12931.25,0.028508047
8,5,11934.75,0.026311177
8,5,17039.875,0.037565862
8,5,1878.625,0.00414159
8,5,8907.75,0.019637897
8,5,1358.125,0.002994103
8,5,25390.625,0.055975805
8,5,15455.625,0.034073247
8,6,1504.625,0.003317075
8,6,1006.625,0.002219191
8,6,5193.25,0.011448964
8,6,654.625,0.001443177
8,6,4770.875,0.010517802
8,6,1111.125,0.00244957
8,6,12870.875,0.028374945
8,6,8484.5,0.018704806
8,6,10073.625,0.022208168
8,6,1352.75,0.002982253
8,7,20293.75,0.044739308
8,7,9672.875,0.02132468
8,7,10716.5,0.023625441
8,7,13315.75,0.02935571
8,7,7656.25,0.016878858
8,7,2936.5,0.006473765
8,7,15379,0.033904321
8,7,8658.375,0.019088128
8,7,601.375,0.001325783
8,7,3912.375,0.008625165
8,8,3376.75,0.007444334
8,8,8216.125,0.01811315
8,8,27305.5,0.06019731
8,8,7623,0.016805556
8,8,9186,0.020251323
8,8,3216.375,0.007090774
8,8,23369.375,0.051519786
8,8,9738.375,0.021469081
8,8,2881.125,0.006351687
8,8,1588.875,0.003502811
8,9,24923.875,0.054946814
8,9,2715.375,0.005986276
8,9,34780.625,0.076676863
8,9,20856.125,0.045979112
8,9,7452.125,0.016428847
8,9,2685.375,0.005920139
8,9,9514.5,0.020975529
8,9,1106.875,0.002440201
8,9,8532.625,0.018810902
8,9,14189.375,0.031281691
8,10,3513.375,0.007745536
8,10,25807.25,0.05689429
8,10,15506.125,0.034184579
8,10,4693.125,0.010346396
8,10,55050.625,0.121363812
8,10,25217.375,0.05559386
8,10,43.875,9.67262E-05
8,10,19343.75,0.042644951
8,10,11684.625,0.025759755
8,10,3836.625,0.008458168
8,11,34684.125,0.07646412
8,11,2062.375,0.004546682
8,11,3785.125,0.008344632
8,11,13362,0.029457672
8,11,49978.375,0.110181603
8,11,34.75,7.66093E-05
8,11,3301.125,0.007277612
8,11,4958.875,0.010932264
8,11,6269.375,0.013821373
8,11,4551.125,0.010033344
8,12,2878.625,0.006346175
8,12,3207.75,0.007071759
8,12,8136.875,0.017938437
8,12,1908.75,0.004208003
8,12,15576.125,0.0343389
8,12,14277.125,0.031475143
8,12,2273.25,0.005011574
8,12,23824.625,0.052523424
8,12,1075.5,0.002371032
8,12,2565,0.005654762
8,13,4847.375,0.010686453
8,13,517.875,0.0011417
8,13,29446.875,0.064918155
8,13,4134.375,0.009114583
8,13,13329.625,0.029386299
8,13,500.375,0.001103119
8,13,717.125,0.001580963
8,13,27710.5,0.061090168
8,13,5865.125,0.01293017
8,13,3255.5,0.007177028
8,14,4245.25,0.009359017
8,14,35025.25,0.07721616
8,14,790.375,0.001742449
8,14,2187.75,0.004823082
8,14,10822.25,0.023858576
8,14,29503.625,0.065043265
8,14,12140,0.026763668
8,14,3173.625,0.006996528
8,14,5956.125,0.013130787
8,14,33288.75,0.073387897
9,1,7485.111111,0.018564264
9,1,27194.22222,0.067445988
9,1,3174.444444,0.007873126
9,1,5506.555556,0.013657132
9,1,1535.555556,0.003808422
9,1,171.7777778,0.000426036
9,1,11498.55556,0.028518243
9,1,15687.77778,0.038908179
9,1,18855.77778,0.046765322
9,1,11099.66667,0.027528935
9,2,1874.888889,0.004650022
9,2,6582,0.016324405
9,2,6894.111111,0.01709849
9,2,27283.77778,0.0676681
9,2,797.6666667,0.00197834
9,2,129.1111111,0.000320216
9,2,697,0.001728671
9,2,8544.555556,0.021191854
9,2,29339.66667,0.07276703
9,2,17930.77778,0.044471175
9,3,5566.333333,0.01380539
9,3,5739.222222,0.014234182
9,3,3517.222222,0.008723269
9,3,18870.77778,0.046802524
9,3,1076.444444,0.002669753
9,3,11566.44444,0.028686618
9,3,8138.666667,0.020185185
9,3,12279.22222,0.03045442
9,3,41729.11111,0.103494819
9,3,8789.444444,0.021799217
9,4,3562.666667,0.008835979
9,4,8759.666667,0.021725364
9,4,369.2222222,0.00091573
9,4,2429.888889,0.00602651
9,4,49054.44444,0.121662809
9,4,20182.33333,0.05005539
9,4,1848.444444,0.004584436
9,4,2540.888889,0.006301808
9,4,3966.222222,0.009836861
9,4,1240.777778,0.003077326
9,5,10445.44444,0.02590636
9,5,3591.111111,0.008906526
9,5,2068.111111,0.005129244
9,5,14832.22222,0.036786265
9,5,1790.555556,0.004440862
9,5,4176.111111,0.010357418
9,5,11678.11111,0.028963569
9,5,2418.111111,0.005997299
9,5,6224.555556,0.015437886
9,5,50631,0.125572917
9,6,1302.888889,0.003231371
9,6,3794.444444,0.009410825
9,6,23197.22222,0.057532793
9,6,4952,0.012281746
9,6,2438.777778,0.006048556
9,6,11759.22222,0.029164738
9,6,17740.44444,0.043999118
9,6,30243.44444,0.075008543
9,6,10209.55556,0.025321318
9,6,1901.555556,0.00471616
9,7,1825.888889,0.004528494
9,7,4578.888889,0.011356371
9,7,8185.666667,0.020301753
9,7,5379.333333,0.013341601
9,7,12090.77778,0.029987048
9,7,97.88888889,0.00024278
9,7,3636.777778,0.009019786
9,7,8256.444444,0.020477293
9,7,4887.111111,0.012120811
9,7,10301,0.025548115
9,8,6672.888889,0.016549824
9,8,15210,0.037723214
9,8,16342.44444,0.040531856
9,8,5139.777778,0.012747465
9,8,2933.111111,0.007274581
9,8,3120.111111,0.007738371
9,8,3259.555556,0.008084215
9,8,19996.55556,0.049594632
9,8,2564.333333,0.006359954
9,8,1757,0.004357639
9,9,17688.66667,0.043870701
9,9,5313.333333,0.01317791
9,9,1528.777778,0.003791612
9,9,8110,0.020114087
9,9,2626.777778,0.006514826
9,9,6550.777778,0.016246969
9,9,3700.333333,0.009177414
9,9,5626.444444,0.013954475
9,9,6341.666667,0.01572834
9,9,3672,0.009107143
9,10,4329.222222,0.010737158
9,10,1030.333333,0.00255539
9,10,4354.777778,0.01080054
9,10,5854.222222,0.0145194
9,10,6818.111111,0.016909998
9,10,32830,0.081423611
9,10,16918.66667,0.041960979
9,10,12708.66667,0.031519511
9,10,5230,0.01297123
9,10,10714.22222,0.026572972
9,11,884.5555556,0.002193838
9,11,28883.33333,0.071635251
9,11,18347.77778,0.045505401
9,11,881.5555556,0.002186398
9,11,786.2222222,0.001949956
9,11,10724.33333,0.026598049
9,11,4819,0.011951885
9,11,15655.44444,0.038827987
9,11,2381.111111,0.005905534
9,11,2393.777778,0.005936949
9,12,11774.33333,0.029202216
9,12,2924.555556,0.007253362
9,12,15559.33333,0.038589616
9,12,26132.88889,0.064813713
9,12,2898.111111,0.007187776
9,12,17144.11111,0.042520117
9,12,9822.333333,0.024360946
9,12,2422,0.006006944
9,12,476.2222222,0.001181107
9,12,11564.66667,0.028682209
9,13,7559.333333,0.018748347
9,13,4831.444444,0.011982749
9,13,2660.888889,0.006599427
9,13,18131.77778,0.044969687
9,13,9764.444444,0.024217372
9,13,2017.888889,0.005004685
9,13,16593.88889,0.041155478
9,13,11840.33333,0.029365906
9,13,7139.111111,0.017706129
9,13,7861.444444,0.01949763
9,14,2006,0.004975198
9,14,905.2222222,0.002245095
9,14,5568.222222,0.013810075
9,14,1239,0.003072917
9,14,20228.22222,0.050169202
9,14,7127.444444,0.017677194
9,14,6032.222222,0.014960869
9,14,15579.11111,0.038638668
9,14,10185.44444,0.025261519
9,14,3460.777778,0.008583278
10,1,207,0.000570437
10,1,9902.5,0.027288635
10,1,3381.6,0.009318783
10,1,14638.2,0.040338955
10,1,2745,0.007564484
10,1,4990.6,0.013752756
10,1,1601.5,0.004413305
10,1,196.2,0.000540675
10,1,5264.3,0.014507
10,1,1962,0.005406746
10,2,9615.8,0.026498567
10,2,2159.2,0.005950176
10,2,2030,0.005594136
10,2,10247.7,0.028239914
10,2,38228.5,0.105347498
10,2,3553.1,0.009791391
10,2,15656.6,0.043145392
10,2,5094.7,0.014039627
10,2,5339.9,0.014715333
10,2,18151.4,0.050020392
10,3,1471,0.004053682
10,3,1617.1,0.004456294
10,3,5318.4,0.014656085
10,3,11675.1,0.032173446
10,3,2358.2,0.006498567
10,3,17500.2,0.04822586
10,3,414.8,0.001143078
10,3,2450.4,0.006752646
10,3,303.2,0.000835538
10,3,5053,0.013924713
10,4,1173.1,0.003232749
10,4,9270,0.025545635
10,4,3192.2,0.008796847
10,4,2882.3,0.007942846
10,4,2219.6,0.006116623
10,4,1008.4,0.00277888
10,4,8982.2,0.024752535
10,4,6946.2,0.019141865
10,4,417.9,0.00115162
10,4,22963.3,0.063280699
10,5,7150.6,0.019705137
10,5,23060.9,0.063549658
10,5,1303.2,0.00359127
10,5,2068.9,0.005701334
10,5,7715.7,0.021262401
10,5,14980,0.041280864
10,5,31349.8,0.086391645
10,5,3040.1,0.008377701
10,5,6118.6,0.016861221
10,5,19592.4,0.053991402
10,6,7302.5,0.020123732
10,6,2519.3,0.006942515
10,6,13586.2,0.037439925
10,6,11991,0.033043981
10,6,19276.6,0.053121142
10,6,1178.4,0.003247354
10,6,32.4,8.92857E-05
10,6,24862.4,0.068514109
10,6,725.5,0.001999284
10,6,6107,0.016829255
10,7,8644.8,0.023822751
10,7,3177.3,0.008755787
10,7,21148.2,0.05827877
10,7,8255,0.022748567
10,7,1558.3,0.004294257
10,7,9344.4,0.025750661
10,7,3107.2,0.00856261
10,7,9847.1,0.027135968
10,7,20641.2,0.056881614
10,7,25344.3,0.069842097
10,8,5857.9,0.016142802
10,8,11400.9,0.031417824
10,8,7752.4,0.021363536
10,8,795.7,0.002192736
10,8,11225.8,0.030935295
10,8,7066.6,0.019473655
10,8,327.9,0.000903604
10,8,17716.2,0.048821098
10,8,12945,0.03567295
10,8,3539,0.009752535
10,9,21450.2,0.059111001
10,9,34700.4,0.095625
10,9,2298.1,0.006332948
10,9,17638.7,0.048607529
10,9,17590.9,0.048475805
10,9,2069.4,0.005702712
10,9,28518.7,0.078589892
10,9,334.6,0.000922068
10,9,4050.9,0.011163194
10,9,8225.8,0.0226681
10,10,4212.7,0.011609072
10,10,3631.7,0.010007992
10,10,3152.1,0.008686343
10,10,9390.3,0.025877149
10,10,3789.9,0.010443948
10,10,2742.8,0.007558422
10,10,9279.1,0.025570712
10,10,7432,0.0204806
10,10,1406.2,0.00387511
10,10,5498.9,0.015153494
10,11,756.3,0.00208416
10,11,3875.7,0.01068039
10,11,3215.8,0.008861883
10,11,28841.8,0.079480269
10,11,3140.2,0.008653549
10,11,8636.7,0.02380043
10,11,3857.4,0.01062996
10,11,623,0.001716821
10,11,2082.6,0.005739087
10,11,3342.6,0.00921131
10,12,9839.5,0.027115024
10,12,4039.1,0.011130677
10,12,118.5,0.000326554
10,12,2275.4,0.006270392
10,12,21051.4,0.058012015
10,12,3562.5,0.009817295
10,12,4346.9,0.011978891
10,12,1623.8,0.004474757
10,12,14771.3,0.040705743
10,12,10170.2,0.028026345
10,13,10333.4,0.02847608
10,13,15529.7,0.04279569
10,13,727.4,0.002004519
10,13,2560.9,0.007057154
10,13,14646.3,0.040361276
10,13,11553.5,0.031838349
10,13,7447.6,0.020523589
10,13,2819.3,0.007769235
10,13,778.2,0.002144511
10,13,629.9,0.001735836
10,14,8161.6,0.022491182
10,14,1192,0.003284832
10,14,13637.9,0.037582396
10,14,6223.8,0.017151124
10,14,9531.7,0.02626681
10,14,9216.1,0.025397101
10,14,1032.5,0.002845293
10,14,3375.3,0.009301422
10,14,17391.2,0.047925485
10,14,2095.5,0.005774636
11,1,10075.90909,0.030543155
11,1,1796.181818,0.005444775
11,1,4461.363636,0.013523754
11,1,2603.363636,0.00789159
11,1,3799.363636,0.01151703
11,1,1608.545455,0.004875992
11,1,36972.54545,0.112075066
11,1,2774.727273,0.008411045
11,1,7917.454545,0.02400022
11,1,3526.909091,0.010691138
11,2,6379.181818,0.019337246
11,2,7359.454545,0.022308752
11,2,744,0.002255291
11,2,2634.727273,0.007986662
11,2,7824.909091,0.023719687
11,2,2126.727273,0.006446759
11,2,810,0.002455357
11,2,2493.818182,0.007559524
11,2,9600.090909,0.029100805
11,2,25097.54545,0.076078318
11,3,1197.545455,0.003630126
11,3,10647.63636,0.032276235
11,3,19816.81818,0.060070822
11,3,10982.18182,0.033290344
11,3,23657.90909,0.071714341
11,3,868,0.002631173
11,3,917.0909091,0.002779982
11,3,6011.818182,0.018223655
11,3,7486.272727,0.022693177
11,3,795,0.002409888
11,4,669.9090909,0.002030699
11,4,4612.818182,0.013982859
11,4,11206.90909,0.033971561
11,4,6709.090909,0.020337302
11,4,1279.454545,0.003878417
11,4,7478.454545,0.022669478
11,4,18117.09091,0.05491843
11,4,15019.45455,0.045528549
11,4,933.0909091,0.002828483
11,4,593.2727273,0.001798391
11,5,5168.090909,0.01566606
11,5,699.3636364,0.002119985
11,5,8606.909091,0.026090168
11,5,23197,0.070317185
11,5,6890.363636,0.020886795
11,5,9653.454545,0.029262566
11,5,11725.81818,0.035544533
11,5,9344.454545,0.028325893
11,5,10088.72727,0.030582011
11,5,1621.090909,0.004914021
11,6,4914.090909,0.014896109
11,6,23649.27273,0.071688161
11,6,9479.090909,0.028734017
11,6,7767.545455,0.0235458
11,6,89.45454545,0.000271164
11,6,1906,0.005777668
11,6,26958.36364,0.081719026
11,6,2814.727273,0.008532297
11,6,22332.63636,0.067697035
11,6,1499.636364,0.004545855
11,7,13128.27273,0.0397958
11,7,9397.363636,0.028486276
11,7,808.4545455,0.002450672
11,7,299.8181818,0.00090884
11,7,7326.454545,0.022208719
11,7,1002,0.003037368
11,7,577.8181818,0.001751543
11,7,18122.45455,0.054934689
11,7,7309.727273,0.022158014
11,7,4782.636364,0.01449763
11,8,9672.818182,0.029321263
11,8,7800.818182,0.02364666
11,8,3675.909091,0.011142802
11,8,531.4545455,0.001611001
11,8,44495.09091,0.134878197
11,8,9980.454545,0.030253803
11,8,2240,0.006790123
11,8,6754.090909,0.02047371
11,8,1620.090909,0.00491099
11,8,1514.363636,0.004590498
11,9,6786.818182,0.020572917
11,9,7204.727273,0.021839727
11,9,6072.272727,0.018406911
11,9,3081.545455,0.009341104
11,9,239.2727273,0.000725309
11,9,3529.454545,0.010698854
11,9,934,0.002831239
11,9,54.54545455,0.000165344
11,9,7574.454545,0.022960483
11,9,12276.36364,0.037213404
11,10,15652,0.047445988
11,10,689.0909091,0.002088845
11,10,5631.727273,0.017071484
11,10,464.0909091,0.001406801
11,10,1777.181818,0.00538718
11,10,522.4545455,0.001583719
11,10,1137.454545,0.003447972
11,10,8270.181818,0.025069444
11,10,2153.272727,0.006527227
11,10,1107.545455,0.003357308
11,11,5573.454545,0.016894841
11,11,11744.72727,0.035601852
11,11,5974,0.018109017
11,11,18724.18182,0.056758708
11,11,776,0.002352293
11,11,8040.545455,0.024373347
11,11,33064.72727,0.100229277
11,11,36109.72727,0.109459601
11,11,5184.090909,0.015714561
11,11,1787.090909,0.005417218
11,12,4351.636364,0.013191138
11,12,4944.909091,0.014989528
11,12,17950.72727,0.054414131
11,12,15736.45455,0.047701995
11,12,3165.272727,0.009594907
11,12,109.6363636,0.000332341
11,12,739.1818182,0.002240686
11,12,3627.636364,0.010996473
11,12,8539.909091,0.02588707
11,12,16891.63636,0.051203704
11,13,3343.090909,0.010133929
11,13,22384.81818,0.067855214
11,13,3220.272727,0.009761629
11,13,14043.45455,0.042569996
11,13,4025.818182,0.012203483
11,13,1699.454545,0.005151565
11,13,7658.727273,0.023215939
11,13,6587.090909,0.019967482
11,13,8064.909091,0.0244472
11,13,5352.545455,0.016225198
11,14,777.4545455,0.002356702
11,14,2005.181818,0.006078318
11,14,2177.181818,0.006599702
11,14,1451.909091,0.004401179
11,14,11969.63636,0.03628362
11,14,13612.54545,0.041263779
11,14,513.2727273,0.001555886
11,14,9589.727273,0.029069389
11,14,21572.36364,0.065392416
11,14,2069.545455,0.006273424
12,1,1141.25,0.003773975
12,1,2481.333333,0.008205467
12,1,11850.58333,0.039188437
12,1,6277.666667,0.02075948
12,1,9859.916667,0.032605545
12,1,10868.83333,0.035941909
12,1,3206.583333,0.010603781
12,1,363.8333333,0.001203153
12,1,5614.083333,0.01856509
12,1,6675.416667,0.022074791
12,2,21072,0.06968254
12,2,1530.666667,0.005061728
12,2,1297.666667,0.004291226
12,2,1323.666667,0.004377205
12,2,6336,0.020952381
12,2,7686.833333,0.025419422
12,2,2053.333333,0.006790123
12,2,4393.25,0.014527943
12,2,1591.833333,0.005263999
12,2,1620.583333,0.005359072
12,3,1300.833333,0.004301698
12,3,2633.666667,0.008709215
12,3,2471.916667,0.008174328
12,3,663.5833333,0.002194389
12,3,1452.666667,0.004803792
12,3,6520.833333,0.021563602
12,3,8750.666667,0.02893739
12,3,1296.25,0.004286541
12,3,9593,0.031722884
12,3,4038.916667,0.013356206
12,4,3555.25,0.011756779
12,4,3623.5,0.011982474
12,4,5657.833333,0.018709766
12,4,7250,0.023974868
12,4,22426.25,0.07416088
12,4,5568.166667,0.01841325
12,4,2229.166667,0.007371583
12,4,192.5,0.000636574
12,4,11037.66667,0.03650022
12,4,8505.083333,0.028125276
12,5,3895.333333,0.012881393
12,5,3271.833333,0.010819555
12,5,24409.33333,0.080718695
12,5,876.75,0.002899306
12,5,3965.166667,0.013112324
12,5,1784.166667,0.005900022
12,5,6917.5,0.022875331
12,5,398.5833333,0.001318067
12,5,13935.91667,0.046084381
12,5,5476.25,0.018109292
12,6,7101.666667,0.023484347
12,6,1469.5,0.004859458
12,6,1369,0.004527116
12,6,1639.833333,0.005422729
12,6,2097.083333,0.006934799
12,6,182.8333333,0.000604608
12,6,8208.583333,0.027144786
12,6,1421.583333,0.004701003
12,6,11324,0.03744709
12,6,1286.25,0.004253472
12,7,3713.5,0.012280093
12,7,5649,0.018680556
12,7,1668.75,0.005518353
12,7,24374.25,0.080602679
12,7,14064.16667,0.046508488
12,7,24873.08333,0.08225226
12,7,4815.333333,0.015923721
12,7,1752.083333,0.005793926
12,7,2735.666667,0.009046517
12,7,3989.75,0.013193618
12,8,19031.75,0.062935681
12,8,6505.75,0.021513724
12,8,9133.25,0.030202546
12,8,20261.08333,0.067000937
12,8,4690.833333,0.015512015
12,8,4055.5,0.013411045
12,8,3571.833333,0.011811618
12,8,7249.416667,0.023972939
12,8,4915.5,0.01625496
12,8,6238.583333,0.020630236
12,9,2527.583333,0.00835841
12,9,8868.083333,0.029325672
12,9,1429.916667,0.00472856
12,9,5118.583333,0.016926532
12,9,2953.5,0.009766865
12,9,723.1666667,0.002391424
12,9,923.25,0.003053075
12,9,922.8333333,0.003051698
12,9,8379,0.027708333
12,9,15914.75,0.052628142
12,10,9752.333333,0.03224978
12,10,7971.75,0.026361607
12,10,11091.08333,0.036676863
12,10,11757.33333,0.038880071
12,10,3209.166667,0.010612324
12,10,15223.41667,0.050341986
12,10,4061.833333,0.013431989
12,10,7174.916667,0.023726576
12,10,23088.58333,0.076351135
12,10,3656.75,0.012092427
12,11,7157.666667,0.023669533
12,11,18199.91667,0.06018491
12,11,12357.58333,0.040865024
12,11,3864.75,0.012780258
12,11,1039.75,0.003438327
12,11,191.3333333,0.000632716
12,11,9729.5,0.032174272
12,11,4982.5,0.016476521
12,11,562.8333333,0.001861221
12,11,3461.75,0.011447586
12,12,10147,0.033554894
12,12,4807.166667,0.015896715
12,12,7841.333333,0.025930335
12,12,519.25,0.001717097
12,12,13126.41667,0.043407463
12,12,4805,0.01588955
12,12,6110.833333,0.020207782
12,12,1245.666667,0.004119268
12,12,544.75,0.001801422
12,12,8989.833333,0.029728285
12,13,7300.833333,0.024142967
12,13,2565.333333,0.008483245
12,13,167.6666667,0.000554453
12,13,10129.08333,0.033495646
12,13,7471.333333,0.02470679
12,13,2311,0.007642196
12,13,4426.25,0.01463707
12,13,6509.666667,0.021526675
12,13,754.5833333,0.002495315
12,13,2235.666667,0.007393078
12,14,3553.416667,0.011750716
12,14,5069.75,0.016765046
12,14,17927,0.059282407
12,14,319.25,0.001055721
12,14,2306.666667,0.007627866
12,14,2391.833333,0.007909502
12,14,8110.5,0.026820437
12,14,4397.666667,0.014542549
12,14,5563.666667,0.018398369
12,14,5027.666667,0.016625882
13,1,2008.615385,0.007195767
13,1,3010.307692,0.010784281
13,1,2438.538462,0.008735946
13,1,15888.76923,0.056920745
13,1,4089.230769,0.014649471
13,1,4910.615385,0.017592041
13,1,2221.153846,0.007957176
13,1,9693.692308,0.034727183
13,1,232.7692308,0.000833884
13,1,95.38461538,0.000341711
13,2,17928.46154,0.064227844
13,2,2000.538462,0.007166832
13,2,641.6153846,0.002298556
13,2,32973.69231,0.118126653
13,2,1565.923077,0.005609843
13,2,8176.923077,0.02929343
13,2,16191,0.058003472
13,2,920.1538462,0.003296407
13,2,5464.846154,0.019577546
13,2,11213.69231,0.040172509
13,3,418.2307692,0.001498291
13,3,3654.307692,0.01309138
13,3,3668.923077,0.013143739
13,3,6615,0.023697917
13,3,484.7692308,0.001736662
13,3,644.8461538,0.00231013
13,3,6161.230769,0.02207231
13,3,2031.923077,0.007279266
13,3,3722.076923,0.01333416
13,3,5515.538462,0.019759149
13,4,10287.61538,0.036854883
13,4,2037.538462,0.007299383
13,4,448.7692308,0.001607694
13,4,5163.230769,0.018497024
13,4,3793.230769,0.013589065
13,4,2822.461538,0.010111332
13,4,635.3846154,0.002276235
13,4,741.3076923,0.002655699
13,4,8322.769231,0.029815917
13,4,16457.76923,0.05895916
13,5,262.5384615,0.000940531
13,5,1377.692308,0.004935516
13,5,8654.153846,0.031003086
13,5,3472.923077,0.012441578
13,5,2431.923077,0.008712246
13,5,10668.61538,0.038219797
13,5,912.9230769,0.003270503
13,5,6989.769231,0.025040509
13,5,1136.153846,0.004070216
13,5,2366.923077,0.008479387
13,6,8392.384615,0.030065311
13,6,832.7692308,0.002983355
13,6,13146.84615,0.047097939
13,6,2548.923077,0.009131393
13,6,6080.230769,0.021782132
13,6,3363.923077,0.012051091
13,6,4522.923077,0.016203153
13,6,2999.461538,0.010745425
13,6,23818.23077,0.085327657
13,6,3321.230769,0.011898148
13,7,112.0769231,0.00040151
13,7,1972.538462,0.007066523
13,7,6358.769231,0.022779982
13,7,1649.384615,0.00590884
13,7,7874.769231,0.028210979
13,7,5206.846154,0.018653274
13,7,5301.769231,0.018993331
13,7,11810.46154,0.042310406
13,7,3927.846154,0.014071318
13,7,3877.076923,0.01388944
13,8,3360.846154,0.012040068
13,8,3280.461538,0.011752094
13,8,502.3076923,0.001799493
13,8,9402.923077,0.033685516
13,8,1432.769231,0.005132826
13,8,3565.769231,0.012774195
13,8,1610.076923,0.005768022
13,8,10650.61538,0.038155313
13,8,228.7692308,0.000819555
13,8,12623.76923,0.045224041
13,9,13806.53846,0.049461254
13,9,12521.23077,0.044856702
13,9,6732.538462,0.024118993
13,9,5238.538462,0.01876681
13,9,7221.153846,0.025869433
13,9,665.1538462,0.002382881
13,9,7875.384615,0.028213183
13,9,208.3846154,0.000746528
13,9,519.3076923,0.001860395
13,9,2277.615385,0.008159447
13,10,7109.923077,0.025470955
13,10,15259.07692,0.054664903
13,10,1651.384615,0.005916005
13,10,6285.615385,0.022517912
13,10,8914.153846,0.031934524
13,10,629.3076923,0.002254464
13,10,6470,0.023178461
13,10,350.3846154,0.001255236
13,10,6582.307692,0.023580798
13,10,2433.769231,0.00871886
13,11,338.5384615,0.001212798
13,11,4517.384615,0.016183311
13,11,1235.384615,0.004425705
13,11,12258.15385,0.043914242
13,11,5059.923077,0.018126929
13,11,12243.38462,0.043861332
13,11,7885.538462,0.028249559
13,11,2707.461538,0.00969935
13,11,5664.769231,0.020293761
13,11,17207.30769,0.061644345
13,12,13004.46154,0.046587853
13,12,8554.615385,0.030646495
13,12,5537.384615,0.019837412
13,12,150.5384615,0.000539297
13,12,7361.846154,0.026373457
13,12,314.1538462,0.001125441
13,12,12914.84615,0.04626681
13,12,2929.923077,0.010496307
13,12,4834.384615,0.017318948
13,12,550.5384615,0.001972277
13,13,1661.846154,0.005953483
13,13,12206.07692,0.043727679
13,13,2160.076923,0.007738371
13,13,1164.615385,0.004172178
13,13,4538.230769,0.016257992
13,13,4219.846154,0.015117394
13,13,4132.307692,0.014803792
13,13,1361.230769,0.004876543
13,13,3613.846154,0.012946429
13,13,1395.923077,0.005000827
13,14,39.61538462,0.00014192
13,14,7981.692308,0.028594026
13,14,4082.384615,0.014624945
13,14,13419.84615,0.048075948
13,14,6920.230769,0.024791391
13,14,3440.307692,0.012324735
13,14,11470.30769,0.041091821
13,14,23937.69231,0.085755622
13,14,7336.769231,0.02628362
13,14,17319.38462,0.062045855
14,1,1651.142857,0.00637015
14,1,10148.5,0.039153164
14,1,16174.21429,0.062400518
14,1,8037.214286,0.031007771
14,1,6271.142857,0.024194224
14,1,2939.714286,0.01134149
14,1,939.0714286,0.003622961
14,1,1843.071429,0.007110615
14,1,7918.714286,0.030550595
14,1,3686.428571,0.014222332
14,2,5768.142857,0.022253638
14,2,5575.5,0.021510417
14,2,14421.42857,0.055638228
14,2,5469.5,0.021101466
14,2,1073.428571,0.004141314
14,2,5876.142857,0.022670304
14,2,1345.857143,0.00519235
14,2,887.4285714,0.003423721
14,2,6112.285714,0.023581349
14,2,8518.428571,0.032864308
14,3,16252.71429,0.062703373
14,3,2808.928571,0.010836916
14,3,1217.642857,0.004697696
14,3,13200.14286,0.050926477
14,3,9398.714286,0.036260472
14,3,1306.5,0.005040509
14,3,18101.14286,0.069834656
14,3,6985.357143,0.02694968
14,3,5442.5,0.020997299
14,3,2065.428571,0.007968474
14,4,5674.642857,0.021892912
14,4,5670.785714,0.021878031
14,4,3648,0.014074074
14,4,488.1428571,0.001883267
14,4,2781.357143,0.010730545
14,4,278.1428571,0.001073082
14,4,3014.714286,0.011630842
14,4,3585.928571,0.013834601
14,4,2328.857143,0.008984788
14,4,511.0714286,0.001971726
14,5,17132.71429,0.066098435
14,5,14607.71429,0.056356922
14,5,1768.071429,0.006821263
14,5,2888.714286,0.011144731
14,5,3986.428571,0.01537974
14,5,435.6428571,0.001680721
14,5,254.2142857,0.000980765
14,5,5429.285714,0.020946318
14,5,10408.78571,0.040157352
14,5,1504.357143,0.005803847
14,6,3661.785714,0.01412726
14,6,39437.07143,0.152149195
14,6,170.5714286,0.000658069
14,6,348,0.001342593
14,6,1605,0.00619213
14,6,2030.285714,0.007832892
14,6,799.3571429,0.00308394
14,6,7094.357143,0.027370205
14,6,10494.21429,0.040486938
14,6,2746.857143,0.010597443
14,7,4395.714286,0.016958774
14,7,1401.928571,0.005408675
14,7,2163.285714,0.00834601
14,7,2796.857143,0.010790344
14,7,2999.214286,0.011571043
14,7,980.5,0.003782793
14,7,804.0714286,0.003102127
14,7,9876,0.038101852
14,7,2084.785714,0.008043155
14,7,4325.857143,0.016689264
14,8,5982.642857,0.023081184
14,8,5533.428571,0.021348104
14,8,351.9285714,0.001357749
14,8,4444.214286,0.017145888
14,8,1771.5,0.006834491
14,8,47.42857143,0.000182981
14,8,1497.785714,0.005778494
14,8,127.4285714,0.000491623
14,8,3459.928571,0.01334849
14,8,9800.285714,0.037809744
14,9,14452.28571,0.055757275
14,9,5581.142857,0.021532187
14,9,11979.07143,0.046215553
14,9,8246,0.031813272
14,9,5350.357143,0.02064181
14,9,3873.714286,0.014944885
14,9,11200.85714,0.043213183
14,9,10310.85714,0.039779541
14,9,7418.928571,0.02862241
14,9,1258.071429,0.004853671
14,10,6722.857143,0.025936949
14,10,331,0.001277006
14,10,7236,0.027916667
14,10,290.5714286,0.001121032
14,10,1106.071429,0.004267251
14,10,2594.5,0.010009645
14,10,9111.857143,0.03515377
14,10,15429.28571,0.059526565
14,10,3173,0.012241512
14,10,4624.142857,0.017840057
14,11,941.2142857,0.003631228
14,11,6405.5,0.024712577
14,11,16794.92857,0.064795249
14,11,3211.642857,0.012390597
14,11,7609.357143,0.029357088
14,11,187,0.000721451
14,11,437.0714286,0.001686232
14,11,4568.428571,0.01762511
14,11,2507.714286,0.009674824
14,11,1171.642857,0.004520227
14,12,5077.857143,0.019590498
14,12,6669.214286,0.025729993
14,12,11749.78571,0.045330963
14,12,652.9285714,0.002519015
14,12,77.5,0.000298997
14,12,9087.571429,0.035060075
14,12,4475.928571,0.017268243
14,12,5166.142857,0.019931107
14,12,2198.214286,0.008480765
14,12,3114.642857,0.012016369
14,13,3292.5,0.012702546
14,13,1200.428571,0.004631283
14,13,323.5714286,0.001248347
14,13,5913.571429,0.022814705
14,13,1709.357143,0.006594742
14,13,7487.428571,0.028886684
14,13,8167.928571,0.03151207
14,13,6526.857143,0.025180776
14,13,5736.214286,0.022130456
14,13,4328.428571,0.016699184
14,14,11913.14286,0.045961199
14,14,274.9285714,0.001060681
14,14,7108.071429,0.027423115
14,14,9244.928571,0.035667163
14,14,10195.57143,0.039334766
14,14,9743.214286,0.037589561
14,14,7271.928571,0.02805528
14,14,1252.785714,0.004833278
14,14,724.7857143,0.002796241
14,14,3766.142857,0.014529872
